alias,cell_line_id,seen_in_study
MCF-7 breast cancer cells,CVCL_0031,S1
MCF-7,CVCL_0031,S1
MCF-7,CVCL_0031,S2
WT,CVCL_0031,S2
MCF-7 breast cancer cell line,CVCL_0031,S3
MCF-7cells,CVCL_0031,S3
MCF-7,CVCL_0031,S4
MCF-7,CVCL_0031,S5
MCF7,CVCL_0031,S5
T-47D,CVCL_0553,S4
T-47D,CVCL_0553,S5
T47D,CVCL_0553,S5
BT-474,CVCL_0179,S4
BT474,CVCL_0179,S4
BT-474,CVCL_0179,S5
ZR-75-1,CVCL_0588,S4
HCC1500,CVCL_1254,S5
MDA-MB-330,CVCL_0619,S5
CAMA-1,CVCL_1115,S5
Cama-1,CVCL_1115,S5
EFM-19,CVCL_0253,S5
TamR,S2_TAMR_SELECTED,S2
TamR#1,S2_TAMR_C1,S2
TamR#2,S2_TAMR_C2,S2
TamR#3,S2_TAMR_C3,S2
TamR#4,S2_TAMR_C4,S2
TamR#5,S2_TAMR_C5,S2
TamR#6,S2_TAMR_C6,S2
MCF-7 Tam1,S4_MCF7_TAM1,S4
T-47D Tam1,S4_T47D_TAM1,S4
T-47D Tam2,S4_T47D_TAM2,S4
ZR-75-1 Tam1,S4_ZR751_TAM1,S4
ZR-75-1 Tam2,S4_ZR751_TAM2,S4
BT-474 Tam1,S4_BT474_TAM1,S4
BT-474 Tam2,S4_BT474_TAM2,S4
